CREATE DATABASE  IF NOT EXISTS `nbateam` /*!40100 DEFAULT CHARACTER SET utf8mb4 COLLATE utf8mb4_0900_ai_ci */ /*!80016 DEFAULT ENCRYPTION='N' */;
USE `nbateam`;
-- MySQL dump 10.13  Distrib 8.0.17, for Win64 (x86_64)
--
-- Host: localhost    Database: nbateam
-- ------------------------------------------------------
-- Server version	8.0.17

/*!40101 SET @OLD_CHARACTER_SET_CLIENT=@@CHARACTER_SET_CLIENT */;
/*!40101 SET @OLD_CHARACTER_SET_RESULTS=@@CHARACTER_SET_RESULTS */;
/*!40101 SET @OLD_COLLATION_CONNECTION=@@COLLATION_CONNECTION */;
/*!50503 SET NAMES utf8 */;
/*!40103 SET @OLD_TIME_ZONE=@@TIME_ZONE */;
/*!40103 SET TIME_ZONE='+00:00' */;
/*!40014 SET @OLD_UNIQUE_CHECKS=@@UNIQUE_CHECKS, UNIQUE_CHECKS=0 */;
/*!40014 SET @OLD_FOREIGN_KEY_CHECKS=@@FOREIGN_KEY_CHECKS, FOREIGN_KEY_CHECKS=0 */;
/*!40101 SET @OLD_SQL_MODE=@@SQL_MODE, SQL_MODE='NO_AUTO_VALUE_ON_ZERO' */;
/*!40111 SET @OLD_SQL_NOTES=@@SQL_NOTES, SQL_NOTES=0 */;

--
-- Table structure for table `game`
--

DROP TABLE IF EXISTS `game`;
/*!40101 SET @saved_cs_client     = @@character_set_client */;
/*!50503 SET character_set_client = utf8mb4 */;
CREATE TABLE `game` (
  `game_no` int(11) NOT NULL AUTO_INCREMENT,
  `opponent_team_no` int(11) NOT NULL,
  `home_boolean` tinyint(4) NOT NULL,
  `home_score` int(11) NOT NULL,
  `away_score` int(11) NOT NULL,
  `game_date` date NOT NULL,
  PRIMARY KEY (`game_no`),
  KEY `game_opponent_fk` (`opponent_team_no`),
  CONSTRAINT `game_opponent_fk` FOREIGN KEY (`opponent_team_no`) REFERENCES `team` (`team_no`) ON DELETE CASCADE ON UPDATE CASCADE
) ENGINE=InnoDB AUTO_INCREMENT=92 DEFAULT CHARSET=utf8mb4 COLLATE=utf8mb4_0900_ai_ci;
/*!40101 SET character_set_client = @saved_cs_client */;

--
-- Dumping data for table `game`
--

LOCK TABLES `game` WRITE;
/*!40000 ALTER TABLE `game` DISABLE KEYS */;
INSERT INTO `game` VALUES (1,23,1,105,87,'2018-10-16'),(2,28,0,101,113,'2018-10-19'),(3,20,0,103,101,'2018-10-20'),(4,22,1,90,93,'2018-10-22'),(5,21,0,101,95,'2018-10-25'),(6,9,0,109,89,'2018-10-27'),(7,9,1,108,105,'2018-10-30'),(8,17,1,117,113,'2018-11-01'),(9,12,0,101,102,'2018-11-03'),(10,8,0,107,115,'2018-11-05'),(11,24,0,116,109,'2018-11-08'),(12,29,0,115,123,'2018-11-09'),(13,25,0,94,100,'2018-11-11'),(14,5,1,111,82,'2018-11-14'),(15,28,1,123,116,'2018-11-16'),(16,29,1,86,98,'2018-11-17'),(17,4,0,112,117,'2018-11-19'),(18,20,1,109,117,'2018-11-21'),(19,1,0,114,96,'2018-11-23'),(20,7,0,104,113,'2018-11-24'),(21,19,0,124,107,'2018-11-26'),(22,6,1,128,95,'2018-11-30'),(23,18,0,118,109,'2018-12-01'),(24,20,1,128,100,'2018-12-06'),(25,5,0,133,77,'2018-12-08'),(26,19,1,113,100,'2018-12-10'),(27,30,0,130,125,'2018-12-12'),(28,1,1,129,108,'2018-12-14'),(29,9,0,104,113,'2018-12-15'),(30,24,1,103,111,'2018-12-19'),(31,17,1,107,120,'2018-12-21'),(32,4,1,119,103,'2018-12-23'),(33,23,1,121,114,'2018-12-25'),(34,11,0,113,127,'2018-12-27'),(35,15,0,112,103,'2018-12-29'),(36,27,0,111,120,'2018-12-31'),(37,18,1,115,102,'2019-01-02'),(38,7,1,114,93,'2019-01-04'),(39,3,1,116,95,'2019-01-07'),(40,12,1,135,108,'2019-01-09'),(41,16,0,99,115,'2019-01-10'),(42,22,0,103,105,'2019-01-12'),(43,3,0,102,109,'2019-01-14'),(44,28,1,117,108,'2019-01-16'),(45,15,1,122,116,'2019-01-18'),(46,1,0,113,105,'2019-01-19'),(47,16,1,107,99,'2019-01-21'),(48,6,1,123,103,'2019-01-23'),(49,10,1,111,115,'2019-01-26'),(50,3,1,112,104,'2019-01-28'),(51,4,1,126,94,'2019-01-30'),(52,20,0,113,99,'2019-02-01'),(53,21,1,134,129,'2019-02-03'),(54,6,0,103,96,'2019-02-05'),(55,14,1,128,129,'2019-02-07'),(56,13,1,112,123,'2019-02-09'),(57,23,0,112,109,'2019-02-12'),(58,9,1,118,110,'2019-02-13'),(59,17,0,97,98,'2019-02-21'),(60,5,0,116,126,'2019-02-23'),(61,28,0,95,118,'2019-02-26'),(62,25,1,92,97,'2019-02-27'),(63,30,1,107,96,'2019-03-01'),(64,11,1,104,115,'2019-03-03'),(65,10,0,128,95,'2019-03-05'),(66,26,0,111,109,'2019-03-06'),(67,14,0,120,107,'2019-03-09'),(68,13,0,115,140,'2019-03-11'),(69,26,1,126,120,'2019-03-14'),(70,1,1,129,120,'2019-03-16'),(71,8,1,105,114,'2019-03-18'),(72,23,0,115,118,'2019-03-20'),(73,4,0,117,124,'2019-03-23'),(74,27,1,96,115,'2019-03-24'),(75,6,0,116,106,'2019-03-26'),(76,12,1,114,112,'2019-03-29'),(77,3,0,96,110,'2019-03-30'),(78,16,1,110,105,'2019-04-01'),(79,16,0,112,102,'2019-04-03'),(80,12,0,117,97,'2019-04-05'),(81,22,1,108,116,'2019-04-07'),(82,30,0,116,110,'2019-04-09'),(83,12,1,84,74,'2019-04-14'),(84,12,1,99,91,'2019-04-17'),(85,12,0,104,96,'2019-04-19'),(86,12,0,110,106,'2019-04-21'),(87,17,0,112,90,'2019-04-28'),(88,17,0,102,123,'2019-04-30'),(89,17,1,116,123,'2019-05-03'),(90,17,1,101,113,'2019-05-06'),(91,17,0,91,116,'2019-05-08');
/*!40000 ALTER TABLE `game` ENABLE KEYS */;
UNLOCK TABLES;

--
-- Table structure for table `head_coach`
--

DROP TABLE IF EXISTS `head_coach`;
/*!40101 SET @saved_cs_client     = @@character_set_client */;
/*!50503 SET character_set_client = utf8mb4 */;
CREATE TABLE `head_coach` (
  `coach_no` int(11) NOT NULL AUTO_INCREMENT,
  `coach_first_name` varchar(40) NOT NULL,
  `coach_last_name` varchar(40) NOT NULL,
  `is_active` tinyint(4) NOT NULL,
  `team_no` int(11) NOT NULL,
  PRIMARY KEY (`coach_no`),
  KEY `coach_team_fk` (`team_no`),
  CONSTRAINT `coach_team_fk` FOREIGN KEY (`team_no`) REFERENCES `team` (`team_no`) ON DELETE CASCADE ON UPDATE CASCADE
) ENGINE=InnoDB AUTO_INCREMENT=34 DEFAULT CHARSET=utf8mb4 COLLATE=utf8mb4_0900_ai_ci;
/*!40101 SET character_set_client = @saved_cs_client */;

--
-- Dumping data for table `head_coach`
--

LOCK TABLES `head_coach` WRITE;
/*!40000 ALTER TABLE `head_coach` DISABLE KEYS */;
INSERT INTO `head_coach` VALUES (1,'Lloyd','Pierce',1,1),(2,'Brad','Stevens',1,2),(3,'Kenny','Atkinson',1,3),(4,'Fred','Hoiberg',0,5),(5,'Jim','Boylen',1,5),(6,'James','Borrego',1,4),(7,'Tyronn','Lue',0,6),(8,'Larry','Drew',1,6),(9,'Rick','Carlisle',1,7),(10,'Mike','Malone',1,8),(11,'Dwane','Casey',1,9),(12,'Steve','Kerr',1,10),(13,'Mike','D\'Antoni',1,11),(14,'Nate','McMillan',1,12),(15,'Doc','Rivers',1,13),(16,'Luke','Walton',1,14),(17,'J.B.','Bickerstaff',1,15),(18,'Erik','Spoelstra',1,16),(19,'Mike','Budenholzer',1,17),(20,'Tom','Thibodeau',0,18),(21,'Ryan','Saunders',1,18),(22,'Alvin','Gentry',1,19),(23,'David','Fizdale',1,20),(24,'Billy','Donovan',1,21),(25,'Steve','Clifford',1,22),(26,'Brett','Brown',1,23),(27,'Igor','Kokoskov',1,24),(28,'Terry','Scotts',1,25),(29,'Dave','Joerger',1,26),(30,'Gregg','Popovich',1,27),(31,'Nick','Nurse',1,28),(32,'Quin','Snyder',1,29),(33,'Scott','Brooks',1,30);
/*!40000 ALTER TABLE `head_coach` ENABLE KEYS */;
UNLOCK TABLES;

--
-- Table structure for table `player`
--

DROP TABLE IF EXISTS `player`;
/*!40101 SET @saved_cs_client     = @@character_set_client */;
/*!50503 SET character_set_client = utf8mb4 */;
CREATE TABLE `player` (
  `jersey_number` int(11) NOT NULL,
  `position` char(1) NOT NULL,
  `player_first_name` varchar(40) NOT NULL,
  `player_last_name` varchar(40) NOT NULL,
  `team_no` int(11) DEFAULT NULL,
  PRIMARY KEY (`jersey_number`),
  KEY `player_team_fk` (`team_no`),
  CONSTRAINT `player_team_fk` FOREIGN KEY (`team_no`) REFERENCES `team` (`team_no`) ON DELETE CASCADE ON UPDATE CASCADE
) ENGINE=InnoDB DEFAULT CHARSET=utf8mb4 COLLATE=utf8mb4_0900_ai_ci;
/*!40101 SET character_set_client = @saved_cs_client */;

--
-- Dumping data for table `player`
--

LOCK TABLES `player` WRITE;
/*!40000 ALTER TABLE `player` DISABLE KEYS */;
INSERT INTO `player` VALUES (0,'F','Jayson','Tatum',20),(7,'G','Jaylen','Brown',20),(9,'G','Brad','Wanamaker',20),(11,'G','Kyrie','Irving',20),(12,'G','Terry','Rozier',20),(13,'F','Marcus','Morris',20),(20,'F','Gordon','Hayward',20),(27,'C','Daniel','Theis',20),(28,'G','R.J.','Hunter',20),(30,'F','Guerschon','Yabusele',20),(36,'G','Marcus','Smart',20),(37,'F','Semi','Ojeleye',20),(42,'C','Al ','Horford',20),(44,'C','Robert','Williams',20),(46,'C','Aron','Baynes',20),(50,'G','PJ ','Dozier',20),(55,'C','Greg ','Monroe',20);
/*!40000 ALTER TABLE `player` ENABLE KEYS */;
UNLOCK TABLES;

--
-- Table structure for table `player_stats`
--

DROP TABLE IF EXISTS `player_stats`;
/*!40101 SET @saved_cs_client     = @@character_set_client */;
/*!50503 SET character_set_client = utf8mb4 */;
CREATE TABLE `player_stats` (
  `jersey_number` int(11) NOT NULL,
  `game_no` int(11) NOT NULL,
  `minutes` int(11) NOT NULL,
  `points` int(11) NOT NULL,
  `rebounds` int(11) NOT NULL,
  `assists` int(11) NOT NULL,
  PRIMARY KEY (`jersey_number`,`game_no`),
  KEY `stats_game_fk` (`game_no`),
  CONSTRAINT `stats_game_fk` FOREIGN KEY (`game_no`) REFERENCES `game` (`game_no`) ON DELETE CASCADE ON UPDATE CASCADE,
  CONSTRAINT `stats_player_fk` FOREIGN KEY (`jersey_number`) REFERENCES `player` (`jersey_number`) ON DELETE CASCADE ON UPDATE CASCADE
) ENGINE=InnoDB DEFAULT CHARSET=utf8mb4 COLLATE=utf8mb4_0900_ai_ci;
/*!40101 SET character_set_client = @saved_cs_client */;

--
-- Dumping data for table `player_stats`
--

LOCK TABLES `player_stats` WRITE;
/*!40000 ALTER TABLE `player_stats` DISABLE KEYS */;
INSERT INTO `player_stats` VALUES (0,1,29,23,9,3),(0,2,37,16,9,2),(0,3,35,24,14,0),(0,4,34,7,10,4),(0,5,34,24,6,1),(0,6,28,6,3,3),(0,7,30,16,6,3),(0,8,32,12,6,4),(0,9,33,14,7,3),(0,10,35,15,2,4),(0,11,30,4,8,2),(0,12,36,21,3,4),(0,13,35,27,8,0),(0,14,27,14,6,0),(0,15,38,21,7,1),(0,16,24,10,7,0),(0,17,30,20,6,2),(0,18,29,15,8,0),(0,19,23,14,2,2),(0,20,36,21,4,3),(0,21,35,20,7,1),(0,22,20,13,4,0),(0,23,35,19,9,2),(0,24,26,17,5,2),(0,25,21,18,3,2),(0,26,33,21,6,1),(0,27,40,12,12,0),(0,28,29,22,3,0),(0,29,30,17,8,2),(0,30,36,18,8,0),(0,31,32,20,5,2),(0,32,23,17,4,1),(0,33,38,23,10,1),(0,34,29,4,3,2),(0,35,29,7,8,5),(0,36,35,12,11,1),(0,37,31,8,3,4),(0,38,31,18,6,0),(0,39,27,16,4,4),(0,40,25,20,4,0),(0,41,32,17,4,1),(0,42,28,16,6,1),(0,43,36,34,5,3),(0,44,31,16,10,2),(0,45,29,2,6,4),(0,46,35,19,5,2),(0,47,31,19,6,1),(0,48,31,15,2,3),(0,49,31,20,5,3),(0,50,30,6,6,1),(0,51,27,20,5,1),(0,52,26,13,5,3),(0,53,31,11,7,2),(0,54,34,25,7,2),(0,55,36,22,10,5),(0,56,29,16,8,0),(0,57,35,20,10,1),(0,58,34,19,4,4),(0,59,34,17,10,1),(0,60,31,12,1,1),(0,61,24,11,7,1),(0,62,35,14,4,0),(0,63,31,10,8,3),(0,64,35,12,5,2),(0,65,27,17,5,1),(0,66,33,24,3,2),(0,67,27,6,5,5),(0,69,29,15,4,3),(0,70,33,18,8,4),(0,71,36,8,7,6),(0,72,33,13,6,4),(0,73,37,12,6,4),(0,75,34,21,5,4),(0,76,24,11,5,4),(0,77,30,9,2,3),(0,78,34,19,6,5),(0,79,39,16,7,3),(0,80,34,22,7,2),(0,81,6,0,1,0),(0,82,0,0,0,0),(0,83,34,15,3,0),(0,84,39,26,4,2),(0,85,33,18,7,2),(0,86,36,18,8,2),(0,87,30,4,6,1),(0,88,25,5,5,1),(0,89,37,20,11,3),(0,90,35,17,10,4),(0,91,27,14,6,2),(7,1,28,12,5,2),(7,2,24,13,4,0),(7,3,38,7,5,2),(7,4,31,5,5,3),(7,5,24,6,3,2),(7,6,25,19,2,1),(7,7,32,14,5,3),(7,9,31,12,7,0),(7,10,29,15,4,0),(7,11,39,17,6,1),(7,12,30,9,4,1),(7,13,29,7,1,0),(7,14,25,18,6,3),(7,15,25,7,4,0),(7,16,25,3,3,1),(7,17,19,10,2,2),(7,18,26,11,5,0),(7,19,21,10,2,3),(7,20,30,16,5,0),(7,24,25,21,3,2),(7,25,28,23,5,3),(7,26,25,19,7,3),(7,27,0,0,0,0),(7,28,22,4,6,2),(7,29,23,2,2,2),(7,30,24,6,1,0),(7,31,30,21,7,2),(7,32,16,8,1,2),(7,33,20,4,3,2),(7,34,24,18,5,0),(7,35,19,6,4,0),(7,36,31,30,4,2),(7,37,29,10,5,2),(7,38,27,21,2,2),(7,39,24,4,5,4),(7,40,29,22,7,3),(7,41,14,2,2,1),(7,42,24,13,4,0),(7,43,32,22,6,0),(7,44,23,7,6,0),(7,45,21,12,6,1),(7,46,28,14,4,2),(7,47,20,6,4,0),(7,48,25,23,6,0),(7,49,22,10,2,0),(7,50,32,21,6,2),(7,51,30,24,10,2),(7,52,21,11,2,1),(7,53,23,12,2,2),(7,54,29,13,7,0),(7,55,25,18,2,1),(7,56,24,12,5,2),(7,57,24,7,1,2),(7,58,30,17,7,0),(7,59,24,15,5,3),(7,60,23,14,3,0),(7,61,22,10,8,4),(7,62,30,10,10,1),(7,63,27,13,3,1),(7,64,28,15,6,0),(7,65,27,18,4,1),(7,66,23,10,1,0),(7,67,21,8,3,3),(7,68,31,22,7,0),(7,69,32,22,1,0),(7,70,26,23,3,2),(7,71,20,6,4,1),(7,72,28,6,3,1),(7,73,30,29,4,4),(7,74,25,7,1,0),(7,75,18,9,6,1),(7,76,27,16,4,1),(7,77,32,9,6,3),(7,81,26,13,1,1),(7,82,18,15,3,2),(7,83,28,2,5,0),(7,84,27,6,9,1),(7,85,35,23,7,1),(7,86,27,13,6,1),(7,87,36,19,4,0),(7,88,33,16,6,3),(7,89,31,18,5,2),(7,90,30,16,7,2),(7,91,28,12,3,0),(9,1,1,2,1,0),(9,2,0,0,0,0),(9,3,0,0,0,0),(9,4,0,0,0,0),(9,5,0,0,0,0),(9,6,5,4,0,0),(9,7,0,0,0,0),(9,8,0,0,0,0),(9,9,0,0,0,0),(9,10,0,0,0,0),(9,11,0,0,0,0),(9,12,0,0,0,0),(9,13,0,0,0,0),(9,14,9,3,1,2),(9,15,0,0,0,0),(9,16,9,2,1,1),(9,17,0,0,0,0),(9,18,0,0,0,0),(9,19,7,5,0,1),(9,20,0,0,0,0),(9,21,0,0,0,0),(9,22,9,3,1,4),(9,23,0,0,0,0),(9,24,3,3,1,0),(9,25,7,4,1,2),(9,26,18,4,3,4),(9,27,10,3,1,1),(9,28,8,2,1,0),(9,29,0,0,0,0),(9,30,0,0,0,0),(9,31,2,0,0,2),(9,32,7,0,0,1),(9,33,0,0,0,0),(9,34,0,0,0,0),(9,35,0,0,0,0),(9,36,0,0,0,0),(9,37,3,0,2,0),(9,38,22,8,2,4),(9,39,4,4,0,0),(9,40,6,3,0,2),(9,41,3,2,0,1),(9,42,0,0,0,0),(9,43,26,13,3,4),(9,44,0,0,0,0),(9,45,0,0,0,0),(9,46,6,0,0,1),(9,47,0,0,0,0),(9,48,20,11,2,3),(9,49,0,0,0,0),(9,50,6,3,1,0),(9,51,15,5,1,0),(9,52,0,0,0,0),(9,53,0,0,0,0),(9,54,18,7,2,1),(9,55,0,0,0,0),(9,56,6,2,0,0),(9,57,7,0,1,1),(9,58,14,5,2,2),(9,59,0,0,0,0),(9,60,0,0,0,0),(9,61,0,0,0,0),(9,62,0,0,0,0),(9,63,0,0,0,0),(9,64,0,0,0,0),(9,65,5,2,2,0),(9,66,0,0,0,0),(9,67,2,0,0,1),(9,68,5,2,1,1),(9,69,0,0,0,0),(9,70,0,0,0,0),(9,71,0,0,0,0),(9,72,0,0,0,0),(9,73,0,0,0,0),(9,74,3,0,0,2),(9,75,0,0,0,0),(9,76,0,0,0,0),(9,77,13,8,2,3),(9,78,0,0,0,0),(9,79,13,2,1,1),(9,80,17,9,2,3),(9,81,6,2,0,1),(9,82,29,17,6,7),(9,83,3,0,0,0),(9,84,0,0,0,0),(9,85,0,0,0,0),(9,86,0,0,0,0),(9,87,3,0,0,1),(9,88,7,7,0,1),(9,89,0,0,0,0),(9,90,0,0,0,0),(9,91,4,3,1,1),(11,1,29,7,4,7),(11,2,36,21,4,6),(11,3,32,16,1,5),(11,4,34,22,8,5),(11,5,34,15,5,5),(11,6,23,3,7,5),(11,7,33,31,5,5),(11,8,33,28,3,7),(11,9,27,18,6,3),(11,10,34,31,5,5),(11,11,43,39,7,6),(11,12,0,0,0,0),(11,13,32,21,2,6),(11,14,28,17,6,7),(11,15,39,43,2,11),(11,16,30,20,8,1),(11,17,34,27,5,11),(11,18,37,22,6,13),(11,19,20,13,4,3),(11,20,35,19,5,6),(11,21,32,26,5,10),(11,22,27,29,4,4),(11,23,35,21,3,9),(11,24,30,22,4,8),(11,25,23,13,4,5),(11,27,40,38,3,7),(11,28,24,24,5,5),(11,29,33,26,8,4),(11,30,36,29,5,10),(11,31,39,15,9,7),(11,32,29,25,4,5),(11,33,40,40,10,2),(11,34,36,23,4,11),(11,35,35,26,4,13),(11,36,29,16,3,8),(11,39,28,17,2,6),(11,40,24,12,2,2),(11,41,35,22,5,5),(11,42,33,25,5,6),(11,44,38,27,5,18),(11,45,36,38,7,11),(11,46,37,32,3,5),(11,47,34,26,3,10),(11,49,40,32,6,10),(11,52,36,23,10,6),(11,53,37,30,4,11),(11,55,36,24,7,8),(11,56,14,14,1,2),(11,59,41,22,1,5),(11,60,41,37,5,10),(11,61,28,7,4,5),(11,62,35,31,5,3),(11,63,34,13,6,12),(11,64,36,24,9,6),(11,65,30,19,5,11),(11,67,35,30,7,5),(11,68,34,18,2,11),(11,69,38,31,10,12),(11,70,36,30,11,9),(11,71,36,30,5,4),(11,72,36,36,9,4),(11,73,35,31,7,6),(11,74,34,11,2,12),(11,76,35,30,2,5),(11,78,33,25,8,3),(11,79,32,23,1,4),(11,80,27,17,3,6),(11,81,35,23,5,6),(11,83,34,20,5,7),(11,84,39,37,6,7),(11,85,37,19,5,10),(11,86,37,14,2,7),(11,87,33,26,7,11),(11,88,31,9,5,4),(11,89,42,29,3,6),(11,90,44,23,6,10),(11,91,33,15,1,1),(12,1,27,11,8,1),(12,2,23,8,5,3),(12,3,23,10,1,2),(12,4,15,5,2,1),(12,5,25,4,3,4),(12,6,27,14,8,2),(12,7,19,3,1,2),(12,8,26,7,7,3),(12,9,19,7,6,3),(12,10,22,6,3,0),(12,11,21,10,6,1),(12,12,36,22,6,3),(12,13,19,7,0,1),(12,14,30,12,4,2),(12,15,20,4,3,1),(12,16,21,4,7,3),(12,17,19,8,4,4),(12,18,16,0,1,0),(12,19,25,12,3,3),(12,20,17,4,1,3),(12,21,19,14,2,1),(12,22,21,10,3,3),(12,23,21,7,5,5),(12,24,24,11,7,4),(12,25,25,15,8,2),(12,26,32,10,7,6),(12,27,35,10,1,4),(12,28,25,9,7,5),(12,29,23,3,4,2),(12,30,23,12,1,2),(12,31,19,4,1,4),(12,32,26,9,6,6),(12,33,20,10,5,1),(12,34,15,5,2,1),(12,35,19,7,2,1),(12,36,20,15,2,5),(12,37,32,16,3,5),(12,38,28,8,5,7),(12,39,20,10,4,4),(12,40,20,12,5,5),(12,41,17,4,6,0),(12,42,17,0,3,2),(12,43,25,7,4,5),(12,44,19,5,2,1),(12,45,18,10,1,4),(12,46,29,9,11,4),(12,47,18,3,1,2),(12,48,30,26,8,6),(12,49,19,2,3,0),(12,50,35,14,7,7),(12,51,27,17,5,10),(12,52,25,6,3,6),(12,53,17,10,7,2),(12,54,32,8,5,4),(12,55,19,19,4,6),(12,56,31,16,5,3),(12,57,31,5,4,5),(12,59,20,4,3,1),(12,60,16,3,3,1),(12,61,22,11,2,3),(12,63,18,6,3,2),(12,64,18,4,2,1),(12,65,23,9,5,5),(12,66,32,16,6,2),(12,67,19,10,3,2),(12,68,26,26,2,2),(12,70,17,5,2,2),(12,71,21,7,2,2),(12,72,24,20,6,1),(12,73,23,12,1,1),(12,74,20,4,3,1),(12,75,29,11,5,2),(12,76,15,1,2,5),(12,77,27,2,4,4),(12,78,20,5,3,2),(12,79,24,5,3,3),(12,80,7,3,0,1),(12,81,21,7,5,2),(12,82,24,21,4,4),(12,83,18,5,5,2),(12,84,21,4,6,6),(12,85,18,9,2,2),(12,86,19,11,1,1),(12,87,20,11,9,3),(12,88,25,9,8,2),(12,89,14,0,1,0),(12,90,10,2,2,0),(12,91,17,7,5,1),(13,1,21,16,10,0),(13,2,26,8,2,1),(13,3,26,16,6,2),(13,4,20,7,7,0),(13,5,30,21,10,1),(13,6,25,18,8,1),(13,7,31,15,9,2),(13,8,24,17,5,1),(13,9,33,23,6,1),(13,10,20,6,6,1),(13,11,28,17,8,3),(13,12,27,16,5,2),(13,13,25,13,6,0),(13,14,0,0,0,0),(13,15,33,11,7,0),(13,16,20,3,2,1),(13,17,26,9,8,1),(13,18,30,21,8,4),(13,19,24,8,4,2),(13,20,30,13,5,2),(13,21,30,19,11,3),(13,22,26,15,4,1),(13,23,27,16,3,0),(13,24,30,10,3,2),(13,25,25,12,9,2),(13,26,32,31,4,4),(13,27,40,27,9,2),(13,28,25,20,6,1),(13,29,27,9,3,3),(13,32,20,12,8,0),(13,33,37,23,6,3),(13,34,29,19,6,2),(13,35,33,22,4,0),(13,36,28,18,4,0),(13,37,24,12,3,1),(13,39,26,12,1,1),(13,40,23,22,8,2),(13,41,29,17,6,1),(13,42,31,17,8,1),(13,43,24,8,6,0),(13,44,25,6,8,0),(13,45,25,8,6,0),(13,46,28,8,7,1),(13,47,31,17,4,2),(13,48,25,11,3,3),(13,49,29,9,9,2),(13,50,31,15,8,3),(13,51,27,15,7,3),(13,52,30,18,5,1),(13,53,33,19,7,1),(13,54,0,0,0,0),(13,55,24,3,4,1),(13,56,31,15,6,1),(13,57,33,17,8,2),(13,58,29,11,6,1),(13,59,31,11,6,2),(13,60,28,12,6,1),(13,61,26,17,6,1),(13,62,30,8,7,1),(13,63,27,17,9,0),(13,64,18,0,3,0),(13,65,17,10,1,1),(13,66,33,19,5,4),(13,67,27,16,7,4),(13,68,25,11,2,0),(13,69,36,21,13,2),(13,70,33,19,11,0),(13,71,35,13,5,1),(13,72,35,4,9,3),(13,73,35,15,9,4),(13,74,29,13,6,2),(13,75,29,14,6,2),(13,76,20,7,3,0),(13,77,29,16,5,0),(13,78,24,8,3,2),(13,80,24,11,6,3),(13,81,30,13,8,1),(13,83,29,20,7,0),(13,84,21,0,4,0),(13,85,24,11,7,2),(13,86,30,18,8,0),(13,87,30,9,7,1),(13,88,25,17,7,1),(13,89,30,16,8,2),(13,90,34,18,14,2),(13,91,30,14,11,3),(20,1,25,10,5,0),(20,2,24,14,7,2),(20,4,25,11,4,3),(20,5,24,5,7,1),(20,6,24,15,5,1),(20,7,26,6,4,3),(20,8,27,18,4,5),(20,9,26,4,7,3),(20,10,26,8,9,2),(20,11,25,8,4,2),(20,12,26,13,1,7),(20,13,31,7,9,5),(20,14,29,11,4,4),(20,15,39,15,5,5),(20,16,26,7,4,3),(20,17,31,4,8,4),(20,18,32,19,7,3),(20,19,22,11,5,4),(20,21,23,5,4,4),(20,22,24,14,4,4),(20,23,30,30,9,8),(20,24,25,8,6,4),(20,25,26,5,5,6),(20,28,18,19,1,5),(20,29,28,6,2,2),(20,30,29,10,5,4),(20,31,36,11,3,0),(20,32,24,8,7,2),(20,33,28,5,1,1),(20,34,24,9,5,5),(20,35,27,14,3,4),(20,36,22,0,4,5),(20,37,32,35,1,5),(20,38,30,16,11,8),(20,39,26,12,4,2),(20,40,22,14,5,4),(20,41,20,6,1,4),(20,42,25,8,2,3),(20,43,25,3,4,1),(20,44,24,18,2,5),(20,45,24,8,3,4),(20,47,19,7,1,2),(20,48,25,18,5,0),(20,49,22,2,7,2),(20,50,21,2,3,3),(20,51,24,12,5,3),(20,52,21,14,3,2),(20,53,24,3,3,2),(20,54,31,18,6,5),(20,55,26,4,6,5),(20,56,27,19,5,3),(20,57,28,26,4,3),(20,58,34,18,5,8),(20,60,24,5,2,3),(20,61,23,9,2,2),(20,62,27,3,4,3),(20,63,24,3,4,4),(20,64,18,6,2,4),(20,65,28,30,7,4),(20,66,29,12,3,5),(20,67,30,15,2,2),(20,68,22,8,1,4),(20,69,19,10,3,4),(20,70,1,0,0,0),(20,74,34,13,10,3),(20,75,30,15,5,4),(20,76,22,11,6,2),(20,77,29,19,6,3),(20,78,29,11,4,1),(20,79,32,25,8,5),(20,80,26,21,4,2),(20,81,38,16,5,4),(20,83,30,10,7,4),(20,84,28,13,5,0),(20,85,32,6,5,1),(20,86,34,20,3,2),(20,87,30,13,4,5),(20,88,31,5,0,3),(20,89,33,10,7,5),(20,90,27,2,3,0),(20,91,22,7,2,2),(27,1,4,0,1,0),(27,2,0,0,0,0),(27,3,14,2,1,2),(27,4,15,7,6,1),(27,5,9,4,1,0),(27,6,19,17,8,1),(27,13,5,0,2,0),(27,14,9,2,1,0),(27,15,0,0,0,0),(27,16,12,7,2,0),(27,17,16,10,2,1),(27,18,4,0,2,0),(27,19,16,7,5,1),(27,20,0,0,0,0),(27,21,0,0,0,0),(27,22,17,3,3,4),(27,23,8,4,0,0),(27,24,17,10,3,0),(27,25,32,22,10,5),(27,26,22,6,5,0),(27,27,14,8,6,1),(27,28,21,18,7,1),(27,29,18,8,4,1),(27,30,21,4,3,2),(27,31,24,9,5,1),(27,32,18,10,5,1),(27,33,22,6,7,2),(27,34,18,6,4,0),(27,35,6,1,0,1),(27,36,19,4,6,1),(27,37,14,8,4,3),(27,38,23,8,13,3),(27,39,19,11,8,2),(27,40,18,12,6,1),(27,41,13,2,3,0),(27,42,16,4,3,1),(27,43,18,5,4,2),(27,44,0,0,0,0),(27,45,2,0,1,0),(27,46,6,5,1,0),(27,47,0,0,0,0),(27,48,15,2,5,3),(27,49,4,0,0,0),(27,50,0,0,0,0),(27,51,15,5,7,1),(27,52,0,0,0,0),(27,53,17,14,2,0),(27,54,18,6,3,3),(27,55,23,20,6,2),(27,56,16,10,5,0),(27,57,13,6,1,2),(27,58,17,6,3,2),(27,59,6,0,0,0),(27,60,17,8,4,2),(27,61,9,0,2,0),(27,62,10,0,0,2),(27,63,18,11,5,1),(27,64,8,2,3,1),(27,65,12,2,4,4),(27,66,5,0,2,0),(27,67,4,0,1,0),(27,68,9,2,2,0),(27,70,9,3,1,0),(27,71,7,6,1,0),(27,72,7,0,1,0),(27,73,16,5,3,1),(27,74,19,11,7,1),(27,75,9,0,1,0),(27,76,0,0,0,0),(27,77,20,16,4,2),(27,78,6,1,1,0),(27,79,3,0,0,1),(27,80,12,0,2,0),(27,81,19,6,4,1),(27,82,13,2,3,1),(27,83,5,0,3,0),(27,84,13,4,2,0),(27,85,3,0,1,0),(27,86,6,0,1,0),(27,87,6,4,0,0),(27,88,0,0,0,0),(27,89,3,0,0,0),(27,90,0,0,0,0),(27,91,6,4,3,0),(28,59,0,0,0,0),(28,73,0,0,0,0),(28,79,0,0,0,0),(28,82,26,17,3,3),(30,1,1,0,0,0),(30,2,0,0,0,0),(30,3,6,2,0,0),(30,4,3,0,0,0),(30,5,0,0,0,0),(30,6,5,2,3,0),(30,7,3,0,2,0),(30,8,0,0,0,0),(30,9,0,0,0,0),(30,10,0,0,0,0),(30,11,5,0,2,1),(30,12,0,0,0,0),(30,13,0,0,0,0),(30,14,6,3,1,1),(30,15,0,0,0,0),(30,16,9,9,2,0),(30,17,0,0,0,0),(30,18,0,0,0,0),(30,19,3,2,0,1),(30,20,0,0,0,0),(30,21,2,0,0,0),(30,22,15,5,4,0),(30,23,0,0,0,0),(30,24,3,0,0,0),(30,25,16,2,2,3),(30,31,5,5,0,0),(30,32,6,3,0,1),(30,33,0,0,0,0),(30,34,5,0,1,0),(30,35,16,3,4,0),(30,36,4,0,0,1),(30,37,11,4,1,1),(30,38,2,0,0,0),(30,39,4,0,0,0),(30,40,6,2,2,0),(30,41,3,5,0,0),(30,42,0,0,0,0),(30,43,13,2,2,1),(30,44,0,0,0,0),(30,45,2,0,1,0),(30,46,0,0,0,0),(30,47,0,0,0,0),(30,48,5,2,3,1),(30,49,0,0,0,0),(30,50,0,0,0,0),(30,51,6,2,2,1),(30,52,1,2,1,0),(30,53,0,0,0,0),(30,54,0,0,0,0),(30,55,0,0,0,0),(30,56,0,0,0,0),(30,57,0,0,0,0),(30,58,0,0,0,0),(30,59,5,0,0,0),(30,60,0,0,0,0),(30,61,5,5,3,0),(30,62,0,0,0,0),(30,63,0,0,0,0),(30,65,4,7,2,0),(30,66,0,0,0,0),(30,67,2,2,0,0),(30,68,5,1,2,0),(30,69,0,0,0,0),(30,71,0,0,0,0),(30,72,0,0,0,0),(30,73,18,0,3,1),(30,74,8,7,0,0),(30,75,6,2,2,0),(30,77,2,0,0,0),(30,78,3,0,1,1),(30,79,0,0,0,0),(30,80,5,2,2,0),(30,82,25,13,5,1),(30,83,0,0,0,0),(30,84,0,0,0,0),(30,85,0,0,0,0),(30,87,3,0,1,0),(30,88,5,6,0,1),(30,89,0,0,0,0),(30,90,0,0,0,0),(30,91,5,2,1,0),(36,1,25,7,3,3),(36,2,22,2,2,6),(36,3,28,8,4,5),(36,4,19,9,2,0),(36,5,21,2,0,3),(36,6,23,5,4,9),(36,7,19,3,4,2),(36,8,28,2,4,0),(36,9,23,3,0,9),(36,10,25,9,3,3),(36,11,27,7,4,2),(36,12,33,13,3,10),(36,13,22,0,4,4),(36,14,18,8,1,2),(36,15,19,5,5,1),(36,16,17,5,2,3),(36,17,26,14,1,2),(36,18,20,2,5,4),(36,19,23,4,1,7),(36,20,25,19,2,2),(36,21,40,8,2,5),(36,22,29,12,3,7),(36,23,28,6,2,3),(36,24,24,4,2,7),(36,25,21,6,3,3),(36,26,29,4,2,5),(36,27,39,18,5,3),(36,28,27,0,1,7),(36,29,30,21,8,3),(36,30,32,12,4,5),(36,31,29,8,3,4),(36,32,29,6,2,5),(36,33,30,6,4,3),(36,34,31,11,2,3),(36,35,28,8,1,1),(36,36,27,7,3,4),(36,37,22,2,3,8),(36,38,32,17,4,3),(36,39,27,12,4,7),(36,40,22,2,2,3),(36,41,33,18,1,2),(36,42,33,10,3,1),(36,44,31,5,4,3),(36,45,29,20,6,3),(36,46,17,4,0,4),(36,47,34,6,3,4),(36,48,25,9,1,4),(36,49,29,12,3,2),(36,50,33,21,2,7),(36,51,29,3,2,7),(36,52,29,3,2,2),(36,53,28,18,4,7),(36,54,32,17,5,4),(36,55,24,6,2,5),(36,56,27,2,3,5),(36,57,33,8,4,3),(36,58,32,16,3,5),(36,59,31,5,5,1),(36,60,30,6,6,5),(36,61,24,5,4,2),(36,62,36,13,6,5),(36,63,30,16,2,0),(36,64,36,18,4,6),(36,65,25,9,2,4),(36,66,31,9,3,5),(36,67,29,16,2,5),(36,68,27,8,1,2),(36,69,29,7,6,4),(36,70,34,16,1,9),(36,71,33,10,4,3),(36,72,19,3,1,4),(36,73,25,6,2,8),(36,74,34,14,4,1),(36,75,33,21,6,4),(36,76,29,6,1,6),(36,77,22,9,3,1),(36,78,26,16,1,1),(36,79,29,8,3,4),(36,80,28,6,3,5),(36,81,20,6,2,2),(36,90,15,3,1,2),(36,91,18,4,3,2),(37,1,1,0,1,0),(37,2,0,0,0,0),(37,3,2,0,0,0),(37,4,7,2,1,0),(37,5,8,1,1,0),(37,6,5,0,0,0),(37,7,0,0,0,0),(37,8,22,10,5,0),(37,9,0,0,0,0),(37,10,3,0,0,0),(37,11,7,3,1,0),(37,12,8,3,0,0),(37,13,0,0,0,0),(37,14,21,4,2,0),(37,15,0,0,0,0),(37,16,12,2,2,0),(37,17,0,0,0,0),(37,18,0,0,0,0),(37,19,24,8,5,0),(37,20,19,0,3,1),(37,21,6,3,0,0),(37,22,15,5,2,0),(37,23,8,0,2,0),(37,24,3,3,0,0),(37,25,14,13,4,1),(37,26,22,11,6,0),(37,27,17,5,2,0),(37,28,12,4,2,0),(37,29,0,0,0,0),(37,30,13,0,1,2),(37,31,17,10,3,0),(37,32,12,5,2,1),(37,33,0,0,0,0),(37,34,5,3,0,0),(37,35,5,0,0,1),(37,36,0,0,0,0),(37,37,18,5,3,1),(37,38,17,8,2,0),(37,39,6,4,1,2),(37,40,14,2,1,1),(37,41,6,0,1,1),(37,42,0,0,0,0),(37,43,11,0,3,1),(37,44,0,0,0,0),(37,45,0,0,0,0),(37,46,12,3,0,0),(37,47,6,3,0,0),(37,48,3,0,0,0),(37,49,0,0,0,0),(37,50,2,0,2,0),(37,51,8,7,1,0),(37,52,4,0,0,0),(37,53,0,0,0,0),(37,54,17,0,1,2),(37,55,0,0,0,0),(37,56,0,0,0,0),(37,57,0,0,0,0),(37,58,19,9,3,2),(37,59,12,2,3,1),(37,60,0,0,0,0),(37,61,13,4,1,1),(37,62,0,0,0,0),(37,63,0,0,0,0),(37,64,0,0,0,0),(37,65,6,0,0,0),(37,66,14,0,1,0),(37,67,2,0,1,0),(37,68,18,4,4,0),(37,69,2,0,0,0),(37,70,6,1,0,0),(37,71,0,0,0,0),(37,72,11,7,2,0),(37,73,11,5,4,1),(37,74,8,3,0,0),(37,75,0,0,0,0),(37,76,0,0,0,0),(37,77,9,3,1,0),(37,78,6,2,0,0),(37,79,7,2,1,0),(37,80,3,0,1,1),(37,81,0,0,0,0),(37,82,38,17,4,3),(37,83,0,0,0,0),(37,84,0,0,0,0),(37,85,0,0,0,0),(37,86,0,0,0,0),(37,87,8,2,0,0),(37,88,11,5,0,0),(37,89,11,6,1,1),(37,90,0,0,0,0),(37,91,4,0,1,1),(42,1,30,9,4,2),(42,2,33,14,10,9),(42,3,24,8,10,3),(42,4,32,15,6,4),(42,5,31,19,9,2),(42,6,21,4,4,1),(42,7,33,11,5,4),(42,8,32,18,5,8),(42,9,29,14,5,1),(42,10,33,12,4,6),(42,11,33,7,6,3),(42,12,29,13,4,3),(42,13,34,10,8,3),(42,14,20,10,8,3),(42,15,35,11,9,2),(42,16,21,9,6,2),(42,17,31,8,3,4),(42,18,35,19,7,5),(42,20,31,8,8,1),(42,21,32,20,4,3),(42,23,32,15,3,2),(42,24,28,19,12,3),(42,25,0,0,0,0),(42,32,19,10,6,5),(42,33,30,4,9,6),(42,34,24,15,5,4),(42,35,23,18,6,3),(42,36,25,9,3,3),(42,37,23,15,5,4),(42,38,25,10,8,8),(42,39,24,12,9,5),(42,40,18,6,3,8),(42,41,23,2,4,3),(42,42,30,10,11,4),(42,43,20,8,2,4),(42,44,34,24,7,1),(42,45,31,18,3,1),(42,46,28,13,9,0),(42,47,32,16,12,4),(42,49,35,22,13,3),(42,50,29,14,11,5),(42,51,24,14,7,5),(42,52,27,14,9,4),(42,53,31,17,2,9),(42,54,30,9,6,8),(42,55,25,12,7,2),(42,56,32,6,7,5),(42,57,35,23,8,5),(42,58,31,17,14,8),(42,59,37,21,17,5),(42,60,30,19,2,3),(42,61,24,8,4,5),(42,62,36,13,5,5),(42,63,29,18,6,3),(42,64,31,19,6,2),(42,65,22,5,4,4),(42,66,31,21,11,7),(42,67,28,10,8,4),(42,68,26,10,1,4),(42,69,29,12,5,6),(42,70,28,9,6,3),(42,71,33,20,6,6),(42,72,35,22,6,5),(42,75,27,19,8,5),(42,76,35,19,7,2),(42,78,34,19,11,10),(42,79,35,21,8,4),(42,80,27,11,7,2),(42,81,26,18,4,7),(42,83,32,10,11,5),(42,84,37,4,10,4),(42,85,36,16,8,4),(42,86,33,14,12,5),(42,87,32,20,11,3),(42,88,29,15,8,3),(42,89,37,17,8,5),(42,90,38,20,6,5),(42,91,36,9,7,6),(44,3,0,0,0,0),(44,4,4,0,0,0),(44,5,0,0,0,0),(44,6,8,2,2,1),(44,7,1,0,0,0),(44,8,0,0,0,0),(44,9,0,0,0,0),(44,10,2,3,2,0),(44,11,0,0,0,0),(44,12,0,0,0,0),(44,19,9,4,3,0),(44,20,0,0,0,0),(44,21,2,2,2,0),(44,22,8,2,2,0),(44,23,0,0,0,0),(44,26,26,7,11,0),(44,27,14,6,6,0),(44,28,16,2,5,0),(44,29,10,2,1,0),(44,30,24,8,8,1),(44,31,8,4,0,0),(44,32,11,6,2,0),(44,33,0,0,0,0),(44,39,4,2,1,0),(44,40,12,6,3,1),(44,41,14,2,4,1),(44,42,2,0,1,0),(44,43,10,0,2,0),(44,46,0,0,0,0),(44,48,13,4,0,1),(44,50,0,0,0,0),(44,55,0,0,0,0),(44,56,2,0,0,0),(44,57,0,0,0,0),(44,59,0,0,0,0),(44,60,0,0,0,0),(44,61,20,8,4,0),(44,62,0,0,0,0),(44,63,1,0,0,0),(44,64,0,0,0,0),(44,66,0,0,0,0),(44,68,4,1,2,0),(44,69,7,2,1,0),(44,70,0,0,0,0),(44,72,0,0,0,0),(44,73,10,2,3,1),(44,76,0,0,0,0),(44,77,8,0,4,0),(44,78,0,0,0,0),(44,79,0,0,0,0),(44,80,3,4,1,0),(44,81,0,0,0,0),(44,82,29,2,11,1),(44,83,2,0,0,0),(44,84,0,0,0,0),(44,85,0,0,0,0),(44,86,0,0,0,0),(44,87,1,0,2,0),(44,88,9,4,5,0),(44,89,0,0,0,0),(46,1,19,8,4,3),(46,2,15,5,6,0),(46,3,12,10,5,0),(46,7,12,9,5,1),(46,8,16,5,3,2),(46,9,19,6,1,0),(46,10,11,2,2,1),(46,11,8,4,4,0),(46,12,15,5,2,1),(46,13,9,2,2,0),(46,14,19,9,11,3),(46,15,18,6,4,4),(46,16,14,5,5,1),(46,17,7,2,2,0),(46,18,12,0,1,1),(46,19,23,16,9,4),(46,20,17,4,9,1),(46,21,20,7,5,0),(46,22,23,10,9,3),(46,23,17,0,4,1),(46,24,2,0,0,0),(46,26,0,0,0,0),(46,27,16,3,5,2),(46,28,14,5,3,2),(46,29,18,10,4,0),(46,30,2,4,1,0),(46,44,14,9,5,2),(46,45,23,6,12,1),(46,46,16,6,3,0),(46,47,15,4,2,1),(46,48,22,2,8,1),(46,49,10,2,1,1),(46,50,21,16,6,1),(46,51,9,2,1,1),(46,52,21,9,3,0),(46,64,12,4,4,1),(46,65,14,0,5,3),(46,66,9,0,0,1),(46,67,16,7,4,1),(46,68,9,2,2,2),(46,69,19,6,9,1),(46,70,17,5,3,1),(46,71,18,5,3,1),(46,72,12,4,3,0),(46,74,21,9,8,0),(46,75,25,4,2,1),(46,76,33,13,13,2),(46,77,17,3,1,0),(46,78,25,4,11,0),(46,79,25,10,10,0),(46,80,27,11,11,2),(46,81,14,4,4,3),(46,83,23,2,9,0),(46,84,15,5,2,2),(46,85,21,2,3,1),(46,86,18,2,2,0),(46,87,9,4,0,0),(46,88,10,4,1,0),(46,89,2,0,0,0),(46,90,7,0,2,0),(46,91,10,0,6,0),(50,22,6,7,4,0),(50,26,2,0,0,0),(50,27,0,0,0,0),(50,37,0,0,0,0),(50,38,2,0,0,0),(50,43,0,0,0,0),(50,44,0,0,0,0),(50,54,0,0,0,0),(50,57,0,0,0,0),(50,58,0,0,0,0),(50,71,0,0,0,0),(50,73,0,0,0,0),(50,74,3,0,2,0),(50,82,37,12,11,5),(55,74,3,4,2,1),(55,75,0,0,0,0),(55,77,1,2,1,0);
/*!40000 ALTER TABLE `player_stats` ENABLE KEYS */;
UNLOCK TABLES;

--
-- Table structure for table `playoff`
--

DROP TABLE IF EXISTS `playoff`;
/*!40101 SET @saved_cs_client     = @@character_set_client */;
/*!50503 SET character_set_client = utf8mb4 */;
CREATE TABLE `playoff` (
  `round` int(11) NOT NULL,
  `playoff_game_no` int(11) NOT NULL,
  PRIMARY KEY (`round`,`playoff_game_no`),
  KEY `playoff_game_fk` (`playoff_game_no`),
  CONSTRAINT `playoff_game_fk` FOREIGN KEY (`playoff_game_no`) REFERENCES `game` (`game_no`) ON DELETE CASCADE ON UPDATE CASCADE
) ENGINE=InnoDB DEFAULT CHARSET=utf8mb4 COLLATE=utf8mb4_0900_ai_ci;
/*!40101 SET character_set_client = @saved_cs_client */;

--
-- Dumping data for table `playoff`
--

LOCK TABLES `playoff` WRITE;
/*!40000 ALTER TABLE `playoff` DISABLE KEYS */;
INSERT INTO `playoff` VALUES (1,83),(1,84),(1,85),(1,86),(2,87),(2,88),(2,89),(2,90),(2,91);
/*!40000 ALTER TABLE `playoff` ENABLE KEYS */;
UNLOCK TABLES;

--
-- Table structure for table `team`
--

DROP TABLE IF EXISTS `team`;
/*!40101 SET @saved_cs_client     = @@character_set_client */;
/*!50503 SET character_set_client = utf8mb4 */;
CREATE TABLE `team` (
  `team_no` int(11) NOT NULL AUTO_INCREMENT,
  `team_name` varchar(40) NOT NULL,
  `conference` enum('Eastern','Western') NOT NULL,
  PRIMARY KEY (`team_no`)
) ENGINE=InnoDB AUTO_INCREMENT=31 DEFAULT CHARSET=utf8mb4 COLLATE=utf8mb4_0900_ai_ci;
/*!40101 SET character_set_client = @saved_cs_client */;

--
-- Dumping data for table `team`
--

LOCK TABLES `team` WRITE;
/*!40000 ALTER TABLE `team` DISABLE KEYS */;
INSERT INTO `team` VALUES (1,'Atlanta Hawks','Eastern'),(2,'Boston Celtics','Eastern'),(3,'Brooklyn Nets','Eastern'),(4,'Charolette Hornets','Eastern'),(5,'Chicago Bulls','Eastern'),(6,'Cleveland Cavaliers','Eastern'),(7,'Dallas Mavericks','Western'),(8,'Denver Nuggets','Western'),(9,'Detroit Pistons','Eastern'),(10,'Golden State Warriors','Western'),(11,'Houston Rockets','Western'),(12,'Indiana Pacers','Eastern'),(13,'Los Angeles Clippers','Western'),(14,'Los Angeles Lakers','Western'),(15,'Memphis Grizzlies','Western'),(16,'Miami Heat','Eastern'),(17,'Milwaukee Bucks','Eastern'),(18,'Minnesota Timberwolves','Western'),(19,'New Orleans Pelicans','Western'),(20,'New York Knicks','Eastern'),(21,'Oklahoma City Thunder','Western'),(22,'Orlando Magic','Eastern'),(23,'Philadelphia 76ers','Eastern'),(24,'Phoenix Suns','Western'),(25,'Portland Trail Blazers','Western'),(26,'Sacramento Kings','Western'),(27,'San Antonio Spurs','Western'),(28,'Toronto Raptors','Eastern'),(29,'Utah Jazz','Western'),(30,'Washington Wizards','Eastern');
/*!40000 ALTER TABLE `team` ENABLE KEYS */;
UNLOCK TABLES;

--
-- Dumping routines for database 'nbateam'
--
/*!50003 DROP FUNCTION IF EXISTS `find_jersey_no_from_name` */;
/*!50003 SET @saved_cs_client      = @@character_set_client */ ;
/*!50003 SET @saved_cs_results     = @@character_set_results */ ;
/*!50003 SET @saved_col_connection = @@collation_connection */ ;
/*!50003 SET character_set_client  = utf8mb4 */ ;
/*!50003 SET character_set_results = utf8mb4 */ ;
/*!50003 SET collation_connection  = utf8mb4_0900_ai_ci */ ;
/*!50003 SET @saved_sql_mode       = @@sql_mode */ ;
/*!50003 SET sql_mode              = 'STRICT_TRANS_TABLES,NO_ENGINE_SUBSTITUTION' */ ;
DELIMITER ;;
CREATE DEFINER=`root`@`localhost` FUNCTION `find_jersey_no_from_name`(
	first_name_in VARCHAR(40),
  last_name_in VARCHAR(40)
) RETURNS int(11)
    DETERMINISTIC
BEGIN 
	DECLARE jersey_var INT;
  SELECT jersey_number INTO jersey_var
  FROM player WHERE player_first_name = first_name_in AND player_last_name = last_name_in;
  RETURN jersey_var;
END ;;
DELIMITER ;
/*!50003 SET sql_mode              = @saved_sql_mode */ ;
/*!50003 SET character_set_client  = @saved_cs_client */ ;
/*!50003 SET character_set_results = @saved_cs_results */ ;
/*!50003 SET collation_connection  = @saved_col_connection */ ;
/*!50003 DROP FUNCTION IF EXISTS `has_coach` */;
/*!50003 SET @saved_cs_client      = @@character_set_client */ ;
/*!50003 SET @saved_cs_results     = @@character_set_results */ ;
/*!50003 SET @saved_col_connection = @@collation_connection */ ;
/*!50003 SET character_set_client  = utf8mb4 */ ;
/*!50003 SET character_set_results = utf8mb4 */ ;
/*!50003 SET collation_connection  = utf8mb4_0900_ai_ci */ ;
/*!50003 SET @saved_sql_mode       = @@sql_mode */ ;
/*!50003 SET sql_mode              = 'STRICT_TRANS_TABLES,NO_ENGINE_SUBSTITUTION' */ ;
DELIMITER ;;
CREATE DEFINER=`root`@`localhost` FUNCTION `has_coach`(
	first_name_in VARCHAR(40),
  last_name_in ENUM("Eastern", "Western")
) RETURNS int(11)
    DETERMINISTIC
BEGIN 
	DECLARE coach_count INT;
	SELECT * INTO coach_count FROM head_coach WHERE coach_first_name = first_name_in AND coach_last_name = last_name_in;
  IF coach_count > 0 THEN 
			RETURN 1;
		ELSE
			RETURN 0;
		END IF;
END ;;
DELIMITER ;
/*!50003 SET sql_mode              = @saved_sql_mode */ ;
/*!50003 SET character_set_client  = @saved_cs_client */ ;
/*!50003 SET character_set_results = @saved_cs_results */ ;
/*!50003 SET collation_connection  = @saved_col_connection */ ;
/*!50003 DROP FUNCTION IF EXISTS `has_game_no` */;
/*!50003 SET @saved_cs_client      = @@character_set_client */ ;
/*!50003 SET @saved_cs_results     = @@character_set_results */ ;
/*!50003 SET @saved_col_connection = @@collation_connection */ ;
/*!50003 SET character_set_client  = utf8mb4 */ ;
/*!50003 SET character_set_results = utf8mb4 */ ;
/*!50003 SET collation_connection  = utf8mb4_0900_ai_ci */ ;
/*!50003 SET @saved_sql_mode       = @@sql_mode */ ;
/*!50003 SET sql_mode              = 'STRICT_TRANS_TABLES,NO_ENGINE_SUBSTITUTION' */ ;
DELIMITER ;;
CREATE DEFINER=`root`@`localhost` FUNCTION `has_game_no`(
	game_no_in INT
) RETURNS int(11)
    DETERMINISTIC
BEGIN 
	DECLARE game_count INT;
  SELECT COUNT(*) INTO game_count FROM game WHERE game_no = game_no_in;
  IF game_count > 0 THEN 
			RETURN 1;
		ELSE
			RETURN 0;
		END IF;
END ;;
DELIMITER ;
/*!50003 SET sql_mode              = @saved_sql_mode */ ;
/*!50003 SET character_set_client  = @saved_cs_client */ ;
/*!50003 SET character_set_results = @saved_cs_results */ ;
/*!50003 SET collation_connection  = @saved_col_connection */ ;
/*!50003 DROP FUNCTION IF EXISTS `has_jersey_no` */;
/*!50003 SET @saved_cs_client      = @@character_set_client */ ;
/*!50003 SET @saved_cs_results     = @@character_set_results */ ;
/*!50003 SET @saved_col_connection = @@collation_connection */ ;
/*!50003 SET character_set_client  = utf8mb4 */ ;
/*!50003 SET character_set_results = utf8mb4 */ ;
/*!50003 SET collation_connection  = utf8mb4_0900_ai_ci */ ;
/*!50003 SET @saved_sql_mode       = @@sql_mode */ ;
/*!50003 SET sql_mode              = 'STRICT_TRANS_TABLES,NO_ENGINE_SUBSTITUTION' */ ;
DELIMITER ;;
CREATE DEFINER=`root`@`localhost` FUNCTION `has_jersey_no`(
    input_jersey_no INT
) RETURNS int(11)
    DETERMINISTIC
BEGIN
		DECLARE count_jersey_no INT;
		SELECT COUNT(*) INTO count_jersey_no FROM player WHERE input_jersey_no = jersey_number;
		IF count_jersey_no > 0 THEN 
			RETURN 1;
		ELSE
			RETURN 0;
		END IF;
END ;;
DELIMITER ;
/*!50003 SET sql_mode              = @saved_sql_mode */ ;
/*!50003 SET character_set_client  = @saved_cs_client */ ;
/*!50003 SET character_set_results = @saved_cs_results */ ;
/*!50003 SET collation_connection  = @saved_col_connection */ ;
/*!50003 DROP FUNCTION IF EXISTS `has_team_name` */;
/*!50003 SET @saved_cs_client      = @@character_set_client */ ;
/*!50003 SET @saved_cs_results     = @@character_set_results */ ;
/*!50003 SET @saved_col_connection = @@collation_connection */ ;
/*!50003 SET character_set_client  = utf8mb4 */ ;
/*!50003 SET character_set_results = utf8mb4 */ ;
/*!50003 SET collation_connection  = utf8mb4_0900_ai_ci */ ;
/*!50003 SET @saved_sql_mode       = @@sql_mode */ ;
/*!50003 SET sql_mode              = 'STRICT_TRANS_TABLES,NO_ENGINE_SUBSTITUTION' */ ;
DELIMITER ;;
CREATE DEFINER=`root`@`localhost` FUNCTION `has_team_name`(
    input_team_name VARCHAR(40)
) RETURNS int(11)
    DETERMINISTIC
BEGIN
		DECLARE count_team INT;
		SELECT COUNT(*) INTO count_team FROM team WHERE input_team_name = team_name;
		IF count_team > 0 THEN 
			RETURN 1;
		ELSE
			RETURN 0;
		END IF;
END ;;
DELIMITER ;
/*!50003 SET sql_mode              = @saved_sql_mode */ ;
/*!50003 SET character_set_client  = @saved_cs_client */ ;
/*!50003 SET character_set_results = @saved_cs_results */ ;
/*!50003 SET collation_connection  = @saved_col_connection */ ;
/*!50003 DROP PROCEDURE IF EXISTS `delete_coach` */;
/*!50003 SET @saved_cs_client      = @@character_set_client */ ;
/*!50003 SET @saved_cs_results     = @@character_set_results */ ;
/*!50003 SET @saved_col_connection = @@collation_connection */ ;
/*!50003 SET character_set_client  = utf8mb4 */ ;
/*!50003 SET character_set_results = utf8mb4 */ ;
/*!50003 SET collation_connection  = utf8mb4_0900_ai_ci */ ;
/*!50003 SET @saved_sql_mode       = @@sql_mode */ ;
/*!50003 SET sql_mode              = 'STRICT_TRANS_TABLES,NO_ENGINE_SUBSTITUTION' */ ;
DELIMITER ;;
CREATE DEFINER=`root`@`localhost` PROCEDURE `delete_coach`(
		last_name_in VARCHAR(40),
    team_name_in VARCHAR(40)
)
BEGIN
		DECLARE team_no_var INT DEFAULT 0;
    SELECT team_no INTO team_no_var FROM team WHERE team_name = team_name_in;
		DELETE FROM head_coach WHERE last_name_in = coach_last_name AND team_no = team_no_var;
END ;;
DELIMITER ;
/*!50003 SET sql_mode              = @saved_sql_mode */ ;
/*!50003 SET character_set_client  = @saved_cs_client */ ;
/*!50003 SET character_set_results = @saved_cs_results */ ;
/*!50003 SET collation_connection  = @saved_col_connection */ ;
/*!50003 DROP PROCEDURE IF EXISTS `delete_game` */;
/*!50003 SET @saved_cs_client      = @@character_set_client */ ;
/*!50003 SET @saved_cs_results     = @@character_set_results */ ;
/*!50003 SET @saved_col_connection = @@collation_connection */ ;
/*!50003 SET character_set_client  = utf8mb4 */ ;
/*!50003 SET character_set_results = utf8mb4 */ ;
/*!50003 SET collation_connection  = utf8mb4_0900_ai_ci */ ;
/*!50003 SET @saved_sql_mode       = @@sql_mode */ ;
/*!50003 SET sql_mode              = 'STRICT_TRANS_TABLES,NO_ENGINE_SUBSTITUTION' */ ;
DELIMITER ;;
CREATE DEFINER=`root`@`localhost` PROCEDURE `delete_game`(
		 game_no_in INT
)
BEGIN
		DELETE FROM game WHERE game_no = game_no_in;
END ;;
DELIMITER ;
/*!50003 SET sql_mode              = @saved_sql_mode */ ;
/*!50003 SET character_set_client  = @saved_cs_client */ ;
/*!50003 SET character_set_results = @saved_cs_results */ ;
/*!50003 SET collation_connection  = @saved_col_connection */ ;
/*!50003 DROP PROCEDURE IF EXISTS `delete_player` */;
/*!50003 SET @saved_cs_client      = @@character_set_client */ ;
/*!50003 SET @saved_cs_results     = @@character_set_results */ ;
/*!50003 SET @saved_col_connection = @@collation_connection */ ;
/*!50003 SET character_set_client  = utf8mb4 */ ;
/*!50003 SET character_set_results = utf8mb4 */ ;
/*!50003 SET collation_connection  = utf8mb4_0900_ai_ci */ ;
/*!50003 SET @saved_sql_mode       = @@sql_mode */ ;
/*!50003 SET sql_mode              = 'STRICT_TRANS_TABLES,NO_ENGINE_SUBSTITUTION' */ ;
DELIMITER ;;
CREATE DEFINER=`root`@`localhost` PROCEDURE `delete_player`(
		 jersey_number_in INT
)
BEGIN
		DELETE FROM player WHERE jersey_number = jersey_number_in;
END ;;
DELIMITER ;
/*!50003 SET sql_mode              = @saved_sql_mode */ ;
/*!50003 SET character_set_client  = @saved_cs_client */ ;
/*!50003 SET character_set_results = @saved_cs_results */ ;
/*!50003 SET collation_connection  = @saved_col_connection */ ;
/*!50003 DROP PROCEDURE IF EXISTS `delete_stats` */;
/*!50003 SET @saved_cs_client      = @@character_set_client */ ;
/*!50003 SET @saved_cs_results     = @@character_set_results */ ;
/*!50003 SET @saved_col_connection = @@collation_connection */ ;
/*!50003 SET character_set_client  = utf8mb4 */ ;
/*!50003 SET character_set_results = utf8mb4 */ ;
/*!50003 SET collation_connection  = utf8mb4_0900_ai_ci */ ;
/*!50003 SET @saved_sql_mode       = @@sql_mode */ ;
/*!50003 SET sql_mode              = 'STRICT_TRANS_TABLES,NO_ENGINE_SUBSTITUTION' */ ;
DELIMITER ;;
CREATE DEFINER=`root`@`localhost` PROCEDURE `delete_stats`(
		 jersey_no_in INT,
     game_no_in INT
)
BEGIN
		DELETE FROM player_stats WHERE game_no = game_no_in AND jersey_number = jersey_no_in;
END ;;
DELIMITER ;
/*!50003 SET sql_mode              = @saved_sql_mode */ ;
/*!50003 SET character_set_client  = @saved_cs_client */ ;
/*!50003 SET character_set_results = @saved_cs_results */ ;
/*!50003 SET collation_connection  = @saved_col_connection */ ;
/*!50003 DROP PROCEDURE IF EXISTS `delete_team` */;
/*!50003 SET @saved_cs_client      = @@character_set_client */ ;
/*!50003 SET @saved_cs_results     = @@character_set_results */ ;
/*!50003 SET @saved_col_connection = @@collation_connection */ ;
/*!50003 SET character_set_client  = utf8mb4 */ ;
/*!50003 SET character_set_results = utf8mb4 */ ;
/*!50003 SET collation_connection  = utf8mb4_0900_ai_ci */ ;
/*!50003 SET @saved_sql_mode       = @@sql_mode */ ;
/*!50003 SET sql_mode              = 'STRICT_TRANS_TABLES,NO_ENGINE_SUBSTITUTION' */ ;
DELIMITER ;;
CREATE DEFINER=`root`@`localhost` PROCEDURE `delete_team`(
		 team_name_in VARCHAR(40)
)
BEGIN
		DELETE FROM team WHERE team_name = team_name_in;
END ;;
DELIMITER ;
/*!50003 SET sql_mode              = @saved_sql_mode */ ;
/*!50003 SET character_set_client  = @saved_cs_client */ ;
/*!50003 SET character_set_results = @saved_cs_results */ ;
/*!50003 SET collation_connection  = @saved_col_connection */ ;
/*!50003 DROP PROCEDURE IF EXISTS `insert_coach` */;
/*!50003 SET @saved_cs_client      = @@character_set_client */ ;
/*!50003 SET @saved_cs_results     = @@character_set_results */ ;
/*!50003 SET @saved_col_connection = @@collation_connection */ ;
/*!50003 SET character_set_client  = utf8mb4 */ ;
/*!50003 SET character_set_results = utf8mb4 */ ;
/*!50003 SET collation_connection  = utf8mb4_0900_ai_ci */ ;
/*!50003 SET @saved_sql_mode       = @@sql_mode */ ;
/*!50003 SET sql_mode              = 'STRICT_TRANS_TABLES,NO_ENGINE_SUBSTITUTION' */ ;
DELIMITER ;;
CREATE DEFINER=`root`@`localhost` PROCEDURE `insert_coach`(
		coach_first_name_in VARCHAR(40),
		coach_last_name_in VARCHAR(40),
    team_name_in VARCHAR(40),
		is_active_in TINYINT
)
BEGIN
		DECLARE team_no_var INT DEFAULT 0;
    SELECT team_no INTO team_no_var FROM team WHERE team_name = team_name_in;
		INSERT INTO head_coach (coach_first_name, coach_last_name, is_active, team_no)
    VALUES (coach_first_name_in, coach_last_name_in, is_active_in, team_no_var);
END ;;
DELIMITER ;
/*!50003 SET sql_mode              = @saved_sql_mode */ ;
/*!50003 SET character_set_client  = @saved_cs_client */ ;
/*!50003 SET character_set_results = @saved_cs_results */ ;
/*!50003 SET collation_connection  = @saved_col_connection */ ;
/*!50003 DROP PROCEDURE IF EXISTS `insert_game` */;
/*!50003 SET @saved_cs_client      = @@character_set_client */ ;
/*!50003 SET @saved_cs_results     = @@character_set_results */ ;
/*!50003 SET @saved_col_connection = @@collation_connection */ ;
/*!50003 SET character_set_client  = utf8mb4 */ ;
/*!50003 SET character_set_results = utf8mb4 */ ;
/*!50003 SET collation_connection  = utf8mb4_0900_ai_ci */ ;
/*!50003 SET @saved_sql_mode       = @@sql_mode */ ;
/*!50003 SET sql_mode              = 'STRICT_TRANS_TABLES,NO_ENGINE_SUBSTITUTION' */ ;
DELIMITER ;;
CREATE DEFINER=`root`@`localhost` PROCEDURE `insert_game`(
		team_name_in VARCHAR(40),
		home_score_in INT,
		away_score_in INT,
    home_boolean_in TINYINT,
		game_date_in DATE
)
BEGIN
		DECLARE team_no_var INT DEFAULT 0;
    SELECT team_no INTO team_no_var FROM team WHERE team_name = team_name_in;
		INSERT INTO game (opponent_team_no, home_boolean, home_score, away_score, game_date)
    VALUES (team_no_var, home_boolean_in, home_score_in, away_score_in, game_date_in);
END ;;
DELIMITER ;
/*!50003 SET sql_mode              = @saved_sql_mode */ ;
/*!50003 SET character_set_client  = @saved_cs_client */ ;
/*!50003 SET character_set_results = @saved_cs_results */ ;
/*!50003 SET collation_connection  = @saved_col_connection */ ;
/*!50003 DROP PROCEDURE IF EXISTS `insert_player` */;
/*!50003 SET @saved_cs_client      = @@character_set_client */ ;
/*!50003 SET @saved_cs_results     = @@character_set_results */ ;
/*!50003 SET @saved_col_connection = @@collation_connection */ ;
/*!50003 SET character_set_client  = utf8mb4 */ ;
/*!50003 SET character_set_results = utf8mb4 */ ;
/*!50003 SET collation_connection  = utf8mb4_0900_ai_ci */ ;
/*!50003 SET @saved_sql_mode       = @@sql_mode */ ;
/*!50003 SET sql_mode              = 'STRICT_TRANS_TABLES,NO_ENGINE_SUBSTITUTION' */ ;
DELIMITER ;;
CREATE DEFINER=`root`@`localhost` PROCEDURE `insert_player`(
    jersey_number_in INT,
		position_in CHAR(1),
		player_first_name_in VARCHAR(40),
		player_last_name_in VARCHAR(40),
		team_name_in VARCHAR(40)
)
BEGIN
		DECLARE team_no_var INT DEFAULT 0;
    SELECT team_no INTO team_no_var FROM team WHERE team_name = team_name_in;
		INSERT INTO player (jersey_number, position, player_first_name, player_last_name, team_no)
    VALUES (jersey_number_in, position_in, player_first_name_in, player_last_name_in, team_no_var);
END ;;
DELIMITER ;
/*!50003 SET sql_mode              = @saved_sql_mode */ ;
/*!50003 SET character_set_client  = @saved_cs_client */ ;
/*!50003 SET character_set_results = @saved_cs_results */ ;
/*!50003 SET collation_connection  = @saved_col_connection */ ;
/*!50003 DROP PROCEDURE IF EXISTS `insert_team` */;
/*!50003 SET @saved_cs_client      = @@character_set_client */ ;
/*!50003 SET @saved_cs_results     = @@character_set_results */ ;
/*!50003 SET @saved_col_connection = @@collation_connection */ ;
/*!50003 SET character_set_client  = utf8mb4 */ ;
/*!50003 SET character_set_results = utf8mb4 */ ;
/*!50003 SET collation_connection  = utf8mb4_0900_ai_ci */ ;
/*!50003 SET @saved_sql_mode       = @@sql_mode */ ;
/*!50003 SET sql_mode              = 'STRICT_TRANS_TABLES,NO_ENGINE_SUBSTITUTION' */ ;
DELIMITER ;;
CREATE DEFINER=`root`@`localhost` PROCEDURE `insert_team`(
    team_name_in VARCHAR(40),
		conference_in ENUM("Eastern", "Western")
)
BEGIN
		INSERT INTO team (team_name, conference)
    VALUES (team_name_in, conference_in);
END ;;
DELIMITER ;
/*!50003 SET sql_mode              = @saved_sql_mode */ ;
/*!50003 SET character_set_client  = @saved_cs_client */ ;
/*!50003 SET character_set_results = @saved_cs_results */ ;
/*!50003 SET collation_connection  = @saved_col_connection */ ;
/*!50003 DROP PROCEDURE IF EXISTS `search_coach` */;
/*!50003 SET @saved_cs_client      = @@character_set_client */ ;
/*!50003 SET @saved_cs_results     = @@character_set_results */ ;
/*!50003 SET @saved_col_connection = @@collation_connection */ ;
/*!50003 SET character_set_client  = utf8mb4 */ ;
/*!50003 SET character_set_results = utf8mb4 */ ;
/*!50003 SET collation_connection  = utf8mb4_0900_ai_ci */ ;
/*!50003 SET @saved_sql_mode       = @@sql_mode */ ;
/*!50003 SET sql_mode              = 'STRICT_TRANS_TABLES,NO_ENGINE_SUBSTITUTION' */ ;
DELIMITER ;;
CREATE DEFINER=`root`@`localhost` PROCEDURE `search_coach`(
		 input VARCHAR(40)
)
BEGIN
		SELECT coach_no, coach_first_name, coach_last_name, is_active, team_name FROM
    head_coach JOIN team ON head_coach.team_no = team.team_no WHERE coach_first_name = input OR coach_last_name = input OR team_name = input;
END ;;
DELIMITER ;
/*!50003 SET sql_mode              = @saved_sql_mode */ ;
/*!50003 SET character_set_client  = @saved_cs_client */ ;
/*!50003 SET character_set_results = @saved_cs_results */ ;
/*!50003 SET collation_connection  = @saved_col_connection */ ;
/*!50003 DROP PROCEDURE IF EXISTS `search_game` */;
/*!50003 SET @saved_cs_client      = @@character_set_client */ ;
/*!50003 SET @saved_cs_results     = @@character_set_results */ ;
/*!50003 SET @saved_col_connection = @@collation_connection */ ;
/*!50003 SET character_set_client  = utf8mb4 */ ;
/*!50003 SET character_set_results = utf8mb4 */ ;
/*!50003 SET collation_connection  = utf8mb4_0900_ai_ci */ ;
/*!50003 SET @saved_sql_mode       = @@sql_mode */ ;
/*!50003 SET sql_mode              = 'STRICT_TRANS_TABLES,NO_ENGINE_SUBSTITUTION' */ ;
DELIMITER ;;
CREATE DEFINER=`root`@`localhost` PROCEDURE `search_game`(
		 input VARCHAR(40)
)
BEGIN
		SELECT team_name, home_boolean, home_score, away_score, game_date
    FROM game g JOIN team t ON g.opponent_team_no = t.team_no
    WHERE team_name = input;
END ;;
DELIMITER ;
/*!50003 SET sql_mode              = @saved_sql_mode */ ;
/*!50003 SET character_set_client  = @saved_cs_client */ ;
/*!50003 SET character_set_results = @saved_cs_results */ ;
/*!50003 SET collation_connection  = @saved_col_connection */ ;
/*!50003 DROP PROCEDURE IF EXISTS `search_player_by_jersey` */;
/*!50003 SET @saved_cs_client      = @@character_set_client */ ;
/*!50003 SET @saved_cs_results     = @@character_set_results */ ;
/*!50003 SET @saved_col_connection = @@collation_connection */ ;
/*!50003 SET character_set_client  = utf8mb4 */ ;
/*!50003 SET character_set_results = utf8mb4 */ ;
/*!50003 SET collation_connection  = utf8mb4_0900_ai_ci */ ;
/*!50003 SET @saved_sql_mode       = @@sql_mode */ ;
/*!50003 SET sql_mode              = 'STRICT_TRANS_TABLES,NO_ENGINE_SUBSTITUTION' */ ;
DELIMITER ;;
CREATE DEFINER=`root`@`localhost` PROCEDURE `search_player_by_jersey`(
		jersey_number_in INT
)
BEGIN
		SELECT jersey_number, position, player_first_name, player_last_name, team_name
    FROM player p JOIN team t ON p.team_no = t.team_no WHERE jersey_number = jersey_number_in;
END ;;
DELIMITER ;
/*!50003 SET sql_mode              = @saved_sql_mode */ ;
/*!50003 SET character_set_client  = @saved_cs_client */ ;
/*!50003 SET character_set_results = @saved_cs_results */ ;
/*!50003 SET collation_connection  = @saved_col_connection */ ;
/*!50003 DROP PROCEDURE IF EXISTS `search_player_by_name_team` */;
/*!50003 SET @saved_cs_client      = @@character_set_client */ ;
/*!50003 SET @saved_cs_results     = @@character_set_results */ ;
/*!50003 SET @saved_col_connection = @@collation_connection */ ;
/*!50003 SET character_set_client  = utf8mb4 */ ;
/*!50003 SET character_set_results = utf8mb4 */ ;
/*!50003 SET collation_connection  = utf8mb4_0900_ai_ci */ ;
/*!50003 SET @saved_sql_mode       = @@sql_mode */ ;
/*!50003 SET sql_mode              = 'STRICT_TRANS_TABLES,NO_ENGINE_SUBSTITUTION' */ ;
DELIMITER ;;
CREATE DEFINER=`root`@`localhost` PROCEDURE `search_player_by_name_team`(
		 input VARCHAR(40)
)
BEGIN
		DECLARE team_no_var INT DEFAULT 0;
    SELECT team_no INTO team_no_var FROM team WHERE team_name = input;
		SELECT jersey_number, position, player_first_name, player_last_name, team_name
    FROM player p JOIN team t ON p.team_no = t.team_no
    WHERE player_first_name = input OR player_last_name = input OR team_no_var = p.team_no;
END ;;
DELIMITER ;
/*!50003 SET sql_mode              = @saved_sql_mode */ ;
/*!50003 SET character_set_client  = @saved_cs_client */ ;
/*!50003 SET character_set_results = @saved_cs_results */ ;
/*!50003 SET collation_connection  = @saved_col_connection */ ;
/*!50003 DROP PROCEDURE IF EXISTS `search_player_by_position` */;
/*!50003 SET @saved_cs_client      = @@character_set_client */ ;
/*!50003 SET @saved_cs_results     = @@character_set_results */ ;
/*!50003 SET @saved_col_connection = @@collation_connection */ ;
/*!50003 SET character_set_client  = utf8mb4 */ ;
/*!50003 SET character_set_results = utf8mb4 */ ;
/*!50003 SET collation_connection  = utf8mb4_0900_ai_ci */ ;
/*!50003 SET @saved_sql_mode       = @@sql_mode */ ;
/*!50003 SET sql_mode              = 'STRICT_TRANS_TABLES,NO_ENGINE_SUBSTITUTION' */ ;
DELIMITER ;;
CREATE DEFINER=`root`@`localhost` PROCEDURE `search_player_by_position`(
		position_in CHAR(1)
)
BEGIN
		SELECT jersey_number, position, player_first_name, player_last_name, team_name
    FROM player p JOIN team t ON p.team_no = t.team_no
    WHERE position LIKE position_in;
END ;;
DELIMITER ;
/*!50003 SET sql_mode              = @saved_sql_mode */ ;
/*!50003 SET character_set_client  = @saved_cs_client */ ;
/*!50003 SET character_set_results = @saved_cs_results */ ;
/*!50003 SET collation_connection  = @saved_col_connection */ ;
/*!50003 DROP PROCEDURE IF EXISTS `search_team_by_name` */;
/*!50003 SET @saved_cs_client      = @@character_set_client */ ;
/*!50003 SET @saved_cs_results     = @@character_set_results */ ;
/*!50003 SET @saved_col_connection = @@collation_connection */ ;
/*!50003 SET character_set_client  = utf8mb4 */ ;
/*!50003 SET character_set_results = utf8mb4 */ ;
/*!50003 SET collation_connection  = utf8mb4_0900_ai_ci */ ;
/*!50003 SET @saved_sql_mode       = @@sql_mode */ ;
/*!50003 SET sql_mode              = 'STRICT_TRANS_TABLES,NO_ENGINE_SUBSTITUTION' */ ;
DELIMITER ;;
CREATE DEFINER=`root`@`localhost` PROCEDURE `search_team_by_name`(
		 team_name_in VARCHAR(40)
)
BEGIN
		SELECT * FROM team WHERE team_name = team_name_in;
END ;;
DELIMITER ;
/*!50003 SET sql_mode              = @saved_sql_mode */ ;
/*!50003 SET character_set_client  = @saved_cs_client */ ;
/*!50003 SET character_set_results = @saved_cs_results */ ;
/*!50003 SET collation_connection  = @saved_col_connection */ ;
/*!50003 DROP PROCEDURE IF EXISTS `update_coach_team` */;
/*!50003 SET @saved_cs_client      = @@character_set_client */ ;
/*!50003 SET @saved_cs_results     = @@character_set_results */ ;
/*!50003 SET @saved_col_connection = @@collation_connection */ ;
/*!50003 SET character_set_client  = utf8mb4 */ ;
/*!50003 SET character_set_results = utf8mb4 */ ;
/*!50003 SET collation_connection  = utf8mb4_0900_ai_ci */ ;
/*!50003 SET @saved_sql_mode       = @@sql_mode */ ;
/*!50003 SET sql_mode              = 'STRICT_TRANS_TABLES,NO_ENGINE_SUBSTITUTION' */ ;
DELIMITER ;;
CREATE DEFINER=`root`@`localhost` PROCEDURE `update_coach_team`(
	team_name_in VARCHAR(40),
  first_name_in VARCHAR(40),
  last_name_in VARCHAR(40)
)
BEGIN 
	DECLARE team_no_var INT;
  SELECT team_no INTO team_no_var FROM team WHERE team_name = team_name_in;
  UPDATE coach
	SET team_no = team_no_var
	WHERE coach_first_name = first_name_in AND coach_last_name = last_name_in;
END ;;
DELIMITER ;
/*!50003 SET sql_mode              = @saved_sql_mode */ ;
/*!50003 SET character_set_client  = @saved_cs_client */ ;
/*!50003 SET character_set_results = @saved_cs_results */ ;
/*!50003 SET collation_connection  = @saved_col_connection */ ;
/*!50003 DROP PROCEDURE IF EXISTS `update_game_opponent` */;
/*!50003 SET @saved_cs_client      = @@character_set_client */ ;
/*!50003 SET @saved_cs_results     = @@character_set_results */ ;
/*!50003 SET @saved_col_connection = @@collation_connection */ ;
/*!50003 SET character_set_client  = utf8mb4 */ ;
/*!50003 SET character_set_results = utf8mb4 */ ;
/*!50003 SET collation_connection  = utf8mb4_0900_ai_ci */ ;
/*!50003 SET @saved_sql_mode       = @@sql_mode */ ;
/*!50003 SET sql_mode              = 'STRICT_TRANS_TABLES,NO_ENGINE_SUBSTITUTION' */ ;
DELIMITER ;;
CREATE DEFINER=`root`@`localhost` PROCEDURE `update_game_opponent`(
	game_no_in INT,
  new_opponent_name VARCHAR(40)
)
BEGIN 
	DECLARE opp_no_var INT;
  SELECT team_no INTO opp_no_var FROM team WHERE team_name = new_opponent_name;
  UPDATE game
	SET opponent_team_no = opp_no_var
	WHERE game_no = game_no_in;
END ;;
DELIMITER ;
/*!50003 SET sql_mode              = @saved_sql_mode */ ;
/*!50003 SET character_set_client  = @saved_cs_client */ ;
/*!50003 SET character_set_results = @saved_cs_results */ ;
/*!50003 SET collation_connection  = @saved_col_connection */ ;
/*!50003 DROP PROCEDURE IF EXISTS `update_player_team` */;
/*!50003 SET @saved_cs_client      = @@character_set_client */ ;
/*!50003 SET @saved_cs_results     = @@character_set_results */ ;
/*!50003 SET @saved_col_connection = @@collation_connection */ ;
/*!50003 SET character_set_client  = utf8mb4 */ ;
/*!50003 SET character_set_results = utf8mb4 */ ;
/*!50003 SET collation_connection  = utf8mb4_0900_ai_ci */ ;
/*!50003 SET @saved_sql_mode       = @@sql_mode */ ;
/*!50003 SET sql_mode              = 'STRICT_TRANS_TABLES,NO_ENGINE_SUBSTITUTION' */ ;
DELIMITER ;;
CREATE DEFINER=`root`@`localhost` PROCEDURE `update_player_team`(
	jersey_number_in INT,
  new_team VARCHAR(40)
)
BEGIN 
	DECLARE team_no_var INT;
  SELECT team_no INTO team_no_var FROM team WHERE team_name = new_team;
	UPDATE player
	SET team_no = team_no_var 
	WHERE jersey_number = jersey_number_in;
END ;;
DELIMITER ;
/*!50003 SET sql_mode              = @saved_sql_mode */ ;
/*!50003 SET character_set_client  = @saved_cs_client */ ;
/*!50003 SET character_set_results = @saved_cs_results */ ;
/*!50003 SET collation_connection  = @saved_col_connection */ ;
/*!50003 DROP PROCEDURE IF EXISTS `update_team_conference` */;
/*!50003 SET @saved_cs_client      = @@character_set_client */ ;
/*!50003 SET @saved_cs_results     = @@character_set_results */ ;
/*!50003 SET @saved_col_connection = @@collation_connection */ ;
/*!50003 SET character_set_client  = utf8mb4 */ ;
/*!50003 SET character_set_results = utf8mb4 */ ;
/*!50003 SET collation_connection  = utf8mb4_0900_ai_ci */ ;
/*!50003 SET @saved_sql_mode       = @@sql_mode */ ;
/*!50003 SET sql_mode              = 'STRICT_TRANS_TABLES,NO_ENGINE_SUBSTITUTION' */ ;
DELIMITER ;;
CREATE DEFINER=`root`@`localhost` PROCEDURE `update_team_conference`(
	team_name_in VARCHAR(40),
  conference_in ENUM("Eastern", "Western")
)
BEGIN 
	UPDATE team
	SET conference = conference_in
	WHERE team_name = team_name_in;
END ;;
DELIMITER ;
/*!50003 SET sql_mode              = @saved_sql_mode */ ;
/*!50003 SET character_set_client  = @saved_cs_client */ ;
/*!50003 SET character_set_results = @saved_cs_results */ ;
/*!50003 SET collation_connection  = @saved_col_connection */ ;
/*!50003 DROP PROCEDURE IF EXISTS `update_team_name` */;
/*!50003 SET @saved_cs_client      = @@character_set_client */ ;
/*!50003 SET @saved_cs_results     = @@character_set_results */ ;
/*!50003 SET @saved_col_connection = @@collation_connection */ ;
/*!50003 SET character_set_client  = utf8mb4 */ ;
/*!50003 SET character_set_results = utf8mb4 */ ;
/*!50003 SET collation_connection  = utf8mb4_0900_ai_ci */ ;
/*!50003 SET @saved_sql_mode       = @@sql_mode */ ;
/*!50003 SET sql_mode              = 'STRICT_TRANS_TABLES,NO_ENGINE_SUBSTITUTION' */ ;
DELIMITER ;;
CREATE DEFINER=`root`@`localhost` PROCEDURE `update_team_name`(
	old_team_name VARCHAR(40),
  new_team_name VARCHAR(40)
)
BEGIN 
	UPDATE team
	SET team_name = new_team_name
	WHERE team_name = old_team_name;
END ;;
DELIMITER ;
/*!50003 SET sql_mode              = @saved_sql_mode */ ;
/*!50003 SET character_set_client  = @saved_cs_client */ ;
/*!50003 SET character_set_results = @saved_cs_results */ ;
/*!50003 SET collation_connection  = @saved_col_connection */ ;
/*!40103 SET TIME_ZONE=@OLD_TIME_ZONE */;

/*!40101 SET SQL_MODE=@OLD_SQL_MODE */;
/*!40014 SET FOREIGN_KEY_CHECKS=@OLD_FOREIGN_KEY_CHECKS */;
/*!40014 SET UNIQUE_CHECKS=@OLD_UNIQUE_CHECKS */;
/*!40101 SET CHARACTER_SET_CLIENT=@OLD_CHARACTER_SET_CLIENT */;
/*!40101 SET CHARACTER_SET_RESULTS=@OLD_CHARACTER_SET_RESULTS */;
/*!40101 SET COLLATION_CONNECTION=@OLD_COLLATION_CONNECTION */;
/*!40111 SET SQL_NOTES=@OLD_SQL_NOTES */;

-- Dump completed on 2019-12-03 14:45:20
